{"cameraMode":{"drawMode":0,"name":"Shaded","section":"Shading Mode"},"sceneLighting":false,"audioPlay":false,"sceneViewState":{"m_AlwaysRefresh":false,"showFog":true,"showSkybox":true,"showFlares":true,"showImageEffects":true,"showParticleSystems":true,"showVisualEffectGraphs":true,"m_FxEnabled":true},"in2DMode":false,"pivot":{"x":-0.30275946855545046,"y":2.025890588760376,"z":1.3647511005401612},"rotation":{"x":0.0031461063772439958,"y":-0.996894359588623,"z":0.05569564178586006,"w":0.0571739561855793},"size":0.33586007356643679,"orthographic":false}